./onebag/occupied/onebag45.jpg,1
./onebag/occupied/onebag2.jpg,1
./onebag/occupied/onebag1.jpg,1
./onebag/occupied/onebag17.jpg,1
./onebag/occupied/onebag31.jpg,1
./onebag/occupied/onebag35.jpg,1
./onebag/occupied/onebag8.jpg,1
./onebag/occupied/onebag15.jpg,1
./onebag/occupied/onebag30.jpg,1
./onebag/occupied/onebag18.jpg,1
./onebag/occupied/onebag13.jpg,1
./onebag/occupied/onebag3.jpg,1
./onebag/occupied/onebag20.jpg,1
./onebag/occupied/onebag23.jpg,1
./onebag/occupied/onebag28.jpg,1
./onebag/occupied/onebag29.jpg,1
./onebag/occupied/onebag36.jpg,1
./onebag/occupied/onebag48.jpg,1
./onebag/occupied/onebag47.jpg,1
./onebag/occupied/onebag42.jpg,1
./onebag/occupied/onebag10.jpg,1
./onebag/occupied/onebag0.jpg,1
./onebag/occupied/onebag4.jpg,1
./onebag/occupied/onebag26.jpg,1
./onebag/occupied/onebag6.jpg,1
./onebag/occupied/onebag12.jpg,1
./onebag/occupied/onebag34.jpg,1
./onebag/occupied/onebag40.jpg,1
./onebag/occupied/onebag25.jpg,1
./onebag/occupied/onebag9.jpg,1
./onebag/occupied/onebag32.jpg,1
./onebag/occupied/onebag39.jpg,1
./onebag/occupied/onebag41.jpg,1
./onebag/occupied/onebag27.jpg,1
./onebag/occupied/onebag46.jpg,1
./onebag/occupied/onebag24.jpg,1
./onebag/occupied/onebag11.jpg,1
./onebag/occupied/onebag38.jpg,1
./onebag/occupied/onebag44.jpg,1
./onebag/occupied/onebag33.jpg,1
./onebag/occupied/onebag37.jpg,1
./onebag/occupied/onebag16.jpg,1
./onebag/occupied/onebag7.jpg,1
./onebag/occupied/onebag22.jpg,1
./onebag/occupied/onebag19.jpg,1
./onebag/occupied/onebag49.jpg,1
./onebag/occupied/onebag5.jpg,1
./onebag/occupied/onebag43.jpg,1
./onebag/occupied/onebag14.jpg,1
./onebag/occupied/onebag21.jpg,1
