./data/occupied/tuopanoccupied121.jpg,1
./data/occupied/tuopanoccupied371f.jpg,1
./data/occupied/tuopanoccupied1471f.jpg,1
./data/empty/empty822f.jpg,0
./data/occupied/kuweioccupied41.jpg,1
./data/occupied/tuopanoccupied185.jpg,1
./data/empty/empty503f.jpg,0
./data/occupied/kuweioccupied1261f.jpg,1
./data/empty/empty1103f.jpg,0
./data/occupied/tuopanoccupied1981f.jpg,1
./data/occupied/kuweioccupied168.jpg,1
./data/occupied/onebag571f.jpg,1
./data/occupied/kuweioccupied1761f.jpg,1
./data/occupied/onebag91.jpg,1
./data/occupied/kuweioccupied521f.jpg,1
./data/occupied/kuweioccupied1341f.jpg,1
./data/empty/empty1023f.jpg,0
./data/empty/empty563f.jpg,0
./data/occupied/tuopanoccupied891f.jpg,1
./data/empty/empty211f.jpg,0
./data/occupied/kuweioccupied1591f.jpg,1
./data/empty/empty66.jpg,0
./data/occupied/tuopanoccupied167.jpg,1
./data/occupied/kuweioccupied170.jpg,1
./data/empty/empty923f.jpg,0
./data/occupied/tuopanoccupied1051f.jpg,1
./data/occupied/kuweioccupied59.jpg,1
./data/occupied/kuweioccupied61.jpg,1
./data/occupied/tuopanoccupied1751f.jpg,1
./data/occupied/tuopanoccupied109.jpg,1
./data/empty/empty771f.jpg,0
./data/occupied/tuopanoccupied195.jpg,1
./data/empty/empty773f.jpg,0
./data/occupied/kuweioccupied1861f.jpg,1
./data/occupied/onebag18.jpg,1
./data/occupied/onebag5.jpg,1
./data/occupied/tuopanoccupied19.jpg,1
./data/occupied/kuweioccupied53.jpg,1
./data/occupied/kuweioccupied1951f.jpg,1
./data/occupied/onebag47.jpg,1
./data/occupied/kuweioccupied57.jpg,1
./data/occupied/kuweioccupied97.jpg,1
./data/occupied/kuweioccupied641f.jpg,1
./data/occupied/tuopanoccupied80.jpg,1
./data/occupied/tuopanoccupied1481f.jpg,1
./data/occupied/onebag30.jpg,1
./data/empty/empty532f.jpg,0
./data/occupied/tuopanoccupied931f.jpg,1
./data/empty/empty612f.jpg,0
./data/empty/empty68.jpg,0
./data/empty/empty221f.jpg,0
./data/empty/empty72.jpg,0
./data/occupied/kuweioccupied471f.jpg,1
./data/occupied/kuweioccupied551f.jpg,1
./data/occupied/onebag8.jpg,1
./data/occupied/kuweioccupied421f.jpg,1
./data/occupied/tuopanoccupied166.jpg,1
./data/occupied/kuweioccupied69.jpg,1
./data/occupied/kuweioccupied133.jpg,1
./data/occupied/kuweioccupied1721f.jpg,1
./data/occupied/tuopanoccupied91.jpg,1
./data/occupied/kuweioccupied1411f.jpg,1
./data/occupied/kuweioccupied511f.jpg,1
./data/occupied/kuweioccupied67.jpg,1
./data/occupied/kuweioccupied6.jpg,1
./data/occupied/onebag46.jpg,1
./data/occupied/kuweioccupied1471f.jpg,1
./data/empty/empty421f.jpg,0
./data/empty/empty106.jpg,0
./data/empty/empty15.jpg,0
./data/occupied/kuweioccupied1731f.jpg,1
./data/occupied/kuweioccupied1401f.jpg,1
./data/occupied/kuweioccupied27.jpg,1
./data/empty/empty643f.jpg,0
./data/empty/empty251f.jpg,0
./data/occupied/onebag341f.jpg,1
./data/empty/empty222f.jpg,0
./data/occupied/kuweioccupied33.jpg,1
./data/empty/empty692f.jpg,0
./data/occupied/kuweioccupied81.jpg,1
./data/empty/empty1081f.jpg,0
./data/occupied/tuopanoccupied55.jpg,1
./data/empty/empty543f.jpg,0
./data/occupied/onebag241f.jpg,1
./data/empty/empty381f.jpg,0
./data/empty/empty162f.jpg,0
./data/occupied/kuweioccupied91.jpg,1
./data/occupied/tuopanoccupied37.jpg,1
./data/occupied/kuweioccupied1031f.jpg,1
./data/empty/empty63.jpg,0
./data/occupied/tuopanoccupied391f.jpg,1
./data/occupied/kuweioccupied99.jpg,1
./data/occupied/kuweioccupied3.jpg,1
./data/occupied/tuopanoccupied56.jpg,1
./data/occupied/tuopanoccupied40.jpg,1
./data/occupied/kuweioccupied1911f.jpg,1
./data/empty/empty401f.jpg,0
./data/empty/empty107.jpg,0
./data/empty/empty831f.jpg,0
./data/occupied/tuopanoccupied1161f.jpg,1
./data/empty/empty25.jpg,0
./data/occupied/kuweioccupied94.jpg,1
./data/occupied/kuweioccupied1371f.jpg,1
./data/occupied/kuweioccupied50.jpg,1
./data/occupied/kuweioccupied911f.jpg,1
./data/occupied/kuweioccupied137.jpg,1
./data/occupied/kuweioccupied55.jpg,1
./data/empty/empty511f.jpg,0
./data/empty/empty241f.jpg,0
./data/occupied/kuweioccupied1991f.jpg,1
./data/occupied/onebag74.jpg,1
./data/occupied/onebag11f.jpg,1
./data/empty/empty27.jpg,0
./data/occupied/kuweioccupied11f.jpg,1
./data/empty/empty422f.jpg,0
./data/occupied/tuopanoccupied1791f.jpg,1
./data/occupied/tuopanoccupied21.jpg,1
./data/occupied/tuopanoccupied581f.jpg,1
./data/occupied/tuopanoccupied105.jpg,1
./data/empty/empty59.jpg,0
./data/occupied/tuopanoccupied140.jpg,1
./data/empty/empty283f.jpg,0
./data/occupied/onebag21.jpg,1
./data/occupied/kuweioccupied166.jpg,1
./data/empty/empty1012f.jpg,0
./data/occupied/tuopanoccupied1231f.jpg,1
./data/empty/empty991f.jpg,0
./data/occupied/kuweioccupied74.jpg,1
./data/empty/empty72f.jpg,0
./data/empty/empty18.jpg,0
./data/occupied/onebag98.jpg,1
./data/occupied/tuopanoccupied1141f.jpg,1
./data/occupied/tuopanoccupied42.jpg,1
./data/occupied/kuweioccupied1581f.jpg,1
./data/occupied/onebag801f.jpg,1
./data/occupied/tuopanoccupied711f.jpg,1
./data/occupied/onebag69.jpg,1
./data/empty/empty512f.jpg,0
./data/empty/empty109.jpg,0
./data/occupied/kuweioccupied70.jpg,1
./data/empty/empty502f.jpg,0
./data/occupied/tuopanoccupied311f.jpg,1
./data/empty/empty622f.jpg,0
./data/empty/empty471f.jpg,0
./data/empty/empty402f.jpg,0
./data/empty/empty1143f.jpg,0
./data/occupied/kuweioccupied2.jpg,1
./data/occupied/kuweioccupied1041f.jpg,1
./data/occupied/kuweioccupied1271f.jpg,1
./data/empty/empty61.jpg,0
./data/occupied/kuweioccupied831f.jpg,1
./data/occupied/kuweioccupied199.jpg,1
./data/empty/empty32f.jpg,0
./data/occupied/tuopanoccupied11.jpg,1
./data/occupied/tuopanoccupied100.jpg,1
./data/occupied/tuopanoccupied421f.jpg,1
./data/occupied/tuopanoccupied1891f.jpg,1
./data/occupied/kuweioccupied1181f.jpg,1
./data/occupied/tuopanoccupied1601f.jpg,1
./data/occupied/onebag961f.jpg,1
./data/empty/empty862f.jpg,0
./data/occupied/onebag0.jpg,1
./data/occupied/kuweioccupied39.jpg,1
./data/occupied/tuopanoccupied196.jpg,1
./data/empty/empty73.jpg,0
./data/occupied/kuweioccupied1751f.jpg,1
./data/empty/empty762f.jpg,0
./data/empty/empty64.jpg,0
./data/occupied/kuweioccupied251f.jpg,1
./data/empty/empty97.jpg,0
./data/occupied/onebag941f.jpg,1
./data/occupied/kuweioccupied29.jpg,1
./data/occupied/onebag35.jpg,1
./data/occupied/tuopanoccupied501f.jpg,1
./data/occupied/onebag65.jpg,1
./data/occupied/tuopanoccupied671f.jpg,1
./data/empty/empty102f.jpg,0
./data/occupied/kuweioccupied73.jpg,1
./data/occupied/tuopanoccupied1.jpg,1
./data/occupied/onebag77.jpg,1
./data/empty/empty793f.jpg,0
./data/occupied/kuweioccupied54.jpg,1
./data/occupied/onebag9.jpg,1
./data/occupied/tuopanoccupied69.jpg,1
./data/empty/empty913f.jpg,0
./data/occupied/onebag751f.jpg,1
./data/occupied/onebag481f.jpg,1
./data/empty/empty963f.jpg,0
./data/occupied/onebag321f.jpg,1
./data/empty/empty41.jpg,0
./data/occupied/tuopanoccupied1181f.jpg,1
./data/occupied/tuopanoccupied451f.jpg,1
./data/occupied/tuopanoccupied120.jpg,1
./data/occupied/tuopanoccupied129.jpg,1
./data/occupied/onebag581f.jpg,1
./data/occupied/kuweioccupied121f.jpg,1
./data/occupied/onebag24.jpg,1
./data/occupied/kuweioccupied118.jpg,1
./data/empty/empty982f.jpg,0
./data/occupied/onebag53.jpg,1
./data/empty/empty71.jpg,0
./data/occupied/onebag7.jpg,1
./data/occupied/kuweioccupied931f.jpg,1
./data/occupied/onebag95.jpg,1
./data/occupied/tuopanoccupied179.jpg,1
./data/empty/empty81f.jpg,0
./data/occupied/tuopanoccupied27.jpg,1
./data/empty/empty573f.jpg,0
./data/occupied/tuopanoccupied116.jpg,1
./data/occupied/kuweioccupied98.jpg,1
./data/occupied/kuweioccupied109.jpg,1
./data/occupied/onebag88.jpg,1
./data/empty/empty22f.jpg,0
./data/empty/empty29.jpg,0
./data/occupied/tuopanoccupied48.jpg,1
./data/empty/empty782f.jpg,0
./data/empty/empty42.jpg,0
./data/empty/empty383f.jpg,0
./data/empty/empty823f.jpg,0
./data/occupied/tuopanoccupied1351f.jpg,1
./data/empty/empty1152f.jpg,0
./data/occupied/tuopanoccupied153.jpg,1
./data/empty/empty60.jpg,0
./data/occupied/tuopanoccupied32.jpg,1
./data/occupied/kuweioccupied1381f.jpg,1
./data/occupied/onebag311f.jpg,1
./data/empty/empty1072f.jpg,0
./data/occupied/kuweioccupied86.jpg,1
./data/occupied/tuopanoccupied611f.jpg,1
./data/occupied/kuweioccupied141.jpg,1
./data/empty/empty953f.jpg,0
./data/empty/empty13.jpg,0
./data/occupied/kuweioccupied451f.jpg,1
./data/empty/empty701f.jpg,0
./data/occupied/onebag51.jpg,1
./data/occupied/tuopanoccupied106.jpg,1
./data/empty/empty871f.jpg,0
./data/empty/empty752f.jpg,0
./data/occupied/kuweioccupied100.jpg,1
./data/occupied/kuweioccupied24.jpg,1
./data/occupied/onebag531f.jpg,1
./data/occupied/tuopanoccupied137.jpg,1
./data/occupied/tuopanoccupied741f.jpg,1
./data/empty/empty922f.jpg,0
./data/occupied/tuopanoccupied51f.jpg,1
./data/occupied/kuweioccupied291f.jpg,1
./data/empty/empty681f.jpg,0
./data/occupied/tuopanoccupied1801f.jpg,1
./data/occupied/tuopanoccupied411f.jpg,1
./data/empty/empty702f.jpg,0
./data/occupied/onebag971f.jpg,1
./data/occupied/kuweioccupied173.jpg,1
./data/occupied/onebag22.jpg,1
./data/occupied/kuweioccupied9.jpg,1
./data/occupied/tuopanoccupied951f.jpg,1
./data/empty/empty372f.jpg,0
./data/occupied/tuopanoccupied871f.jpg,1
./data/occupied/kuweioccupied195.jpg,1
./data/empty/empty99.jpg,0
./data/empty/empty1141f.jpg,0
./data/occupied/kuweioccupied261f.jpg,1
./data/empty/empty353f.jpg,0
./data/occupied/tuopanoccupied01f.jpg,1
./data/empty/empty113f.jpg,0
./data/empty/empty411f.jpg,0
./data/empty/empty85.jpg,0
./data/occupied/tuopanoccupied18.jpg,1
./data/occupied/kuweioccupied93.jpg,1
./data/empty/empty1052f.jpg,0
./data/occupied/onebag19.jpg,1
./data/occupied/tuopanoccupied180.jpg,1
./data/empty/empty853f.jpg,0
./data/occupied/tuopanoccupied1641f.jpg,1
./data/occupied/kuweioccupied1501f.jpg,1
./data/occupied/tuopanoccupied1361f.jpg,1
./data/occupied/kuweioccupied4.jpg,1
./data/occupied/onebag771f.jpg,1
./data/occupied/tuopanoccupied111.jpg,1
./data/occupied/tuopanoccupied1311f.jpg,1
./data/occupied/tuopanoccupied78.jpg,1
./data/occupied/kuweioccupied104.jpg,1
./data/occupied/kuweioccupied20.jpg,1
./data/empty/empty933f.jpg,0
./data/occupied/onebag261f.jpg,1
./data/empty/empty442f.jpg,0
./data/occupied/kuweioccupied841f.jpg,1
./data/occupied/kuweioccupied231f.jpg,1
./data/occupied/tuopanoccupied291f.jpg,1
./data/occupied/tuopanoccupied601f.jpg,1
./data/empty/empty983f.jpg,0
./data/empty/empty48.jpg,0
./data/occupied/tuopanoccupied14.jpg,1
./data/occupied/onebag85.jpg,1
./data/occupied/onebag43.jpg,1
./data/empty/empty652f.jpg,0
./data/empty/empty693f.jpg,0
./data/empty/empty731f.jpg,0
./data/occupied/tuopanoccupied961f.jpg,1
./data/empty/empty1092f.jpg,0
./data/occupied/tuopanoccupied165.jpg,1
./data/empty/empty951f.jpg,0
./data/empty/empty801f.jpg,0
./data/occupied/kuweioccupied79.jpg,1
./data/occupied/onebag63.jpg,1
./data/empty/empty281f.jpg,0
./data/occupied/kuweioccupied65.jpg,1
./data/occupied/kuweioccupied531f.jpg,1
./data/occupied/tuopanoccupied57.jpg,1
./data/occupied/kuweioccupied941f.jpg,1
./data/occupied/kuweioccupied501f.jpg,1
./data/empty/empty65.jpg,0
./data/empty/empty95.jpg,0
./data/empty/empty493f.jpg,0
./data/occupied/tuopanoccupied131f.jpg,1
./data/occupied/onebag121f.jpg,1
./data/occupied/tuopanoccupied1581f.jpg,1
./data/occupied/kuweioccupied411f.jpg,1
./data/occupied/kuweioccupied132.jpg,1
./data/occupied/tuopanoccupied115.jpg,1
./data/occupied/kuweioccupied102.jpg,1
./data/occupied/onebag821f.jpg,1
./data/empty/empty93.jpg,0
./data/occupied/onebag75.jpg,1
./data/occupied/onebag861f.jpg,1
./data/occupied/onebag191f.jpg,1
./data/occupied/tuopanoccupied531f.jpg,1
./data/occupied/kuweioccupied891f.jpg,1
./data/empty/empty78.jpg,0
./data/occupied/tuopanoccupied13.jpg,1
./data/occupied/kuweioccupied90.jpg,1
./data/occupied/tuopanoccupied1271f.jpg,1
./data/occupied/kuweioccupied31f.jpg,1
./data/occupied/onebag73.jpg,1
./data/empty/empty45.jpg,0
./data/occupied/kuweioccupied0.jpg,1
./data/empty/empty94.jpg,0
./data/empty/empty84.jpg,0
./data/occupied/kuweioccupied921f.jpg,1
./data/occupied/tuopanoccupied4.jpg,1
./data/occupied/kuweioccupied81f.jpg,1
./data/empty/empty69.jpg,0
./data/occupied/tuopanoccupied63.jpg,1
./data/occupied/tuopanoccupied130.jpg,1
./data/occupied/tuopanoccupied96.jpg,1
./data/occupied/tuopanoccupied1381f.jpg,1
./data/occupied/kuweioccupied1531f.jpg,1
./data/occupied/tuopanoccupied77.jpg,1
./data/occupied/kuweioccupied601f.jpg,1
./data/occupied/tuopanoccupied1301f.jpg,1
./data/occupied/tuopanoccupied551f.jpg,1
./data/occupied/kuweioccupied71f.jpg,1
./data/occupied/onebag13.jpg,1
./data/occupied/kuweioccupied691f.jpg,1
./data/occupied/tuopanoccupied691f.jpg,1
./data/occupied/tuopanoccupied1261f.jpg,1
./data/occupied/tuopanoccupied66.jpg,1
./data/occupied/tuopanoccupied29.jpg,1
./data/occupied/kuweioccupied183.jpg,1
./data/empty/empty1093f.jpg,0
./data/occupied/tuopanoccupied157.jpg,1
./data/occupied/tuopanoccupied38.jpg,1
./data/empty/empty1071f.jpg,0
./data/occupied/kuweioccupied1561f.jpg,1
./data/occupied/tuopanoccupied491f.jpg,1
./data/empty/empty19.jpg,0
./data/occupied/kuweioccupied661f.jpg,1
./data/occupied/kuweioccupied101.jpg,1
./data/occupied/tuopanoccupied169.jpg,1
./data/occupied/kuweioccupied561f.jpg,1
./data/occupied/tuopanoccupied1771f.jpg,1
./data/occupied/kuweioccupied108.jpg,1
./data/empty/empty891f.jpg,0
./data/occupied/tuopanoccupied132.jpg,1
./data/occupied/tuopanoccupied681f.jpg,1
./data/occupied/kuweioccupied17.jpg,1
./data/occupied/kuweioccupied01f.jpg,1
./data/empty/empty952f.jpg,0
./data/empty/empty36.jpg,0
./data/occupied/tuopanoccupied5.jpg,1
./data/empty/empty1132f.jpg,0
./data/empty/empty111.jpg,0
./data/occupied/onebag631f.jpg,1
./data/occupied/tuopanoccupied441f.jpg,1
./data/occupied/onebag291f.jpg,1
./data/empty/empty322f.jpg,0
./data/occupied/kuweioccupied151.jpg,1
./data/occupied/onebag831f.jpg,1
./data/occupied/tuopanoccupied1861f.jpg,1
./data/empty/empty293f.jpg,0
./data/empty/empty89.jpg,0
./data/occupied/tuopanoccupied123.jpg,1
./data/occupied/tuopanoccupied1401f.jpg,1
./data/occupied/tuopanoccupied92.jpg,1
./data/occupied/tuopanoccupied138.jpg,1
./data/empty/empty541f.jpg,0
./data/occupied/kuweioccupied1811f.jpg,1
./data/empty/empty79.jpg,0
./data/occupied/kuweioccupied31.jpg,1
./data/empty/empty552f.jpg,0
./data/occupied/onebag931f.jpg,1
./data/occupied/kuweioccupied13.jpg,1
./data/occupied/tuopanoccupied36.jpg,1
./data/occupied/kuweioccupied1781f.jpg,1
./data/occupied/onebag641f.jpg,1
./data/occupied/kuweioccupied140.jpg,1
./data/empty/empty632f.jpg,0
./data/occupied/kuweioccupied44.jpg,1
./data/empty/empty90.jpg,0
./data/empty/empty1133f.jpg,0
./data/occupied/onebag10.jpg,1
./data/occupied/onebag171f.jpg,1
./data/occupied/onebag361f.jpg,1
./data/empty/empty661f.jpg,0
./data/empty/empty35.jpg,0
./data/empty/empty22.jpg,0
./data/occupied/tuopanoccupied95.jpg,1
./data/occupied/kuweioccupied1961f.jpg,1
./data/occupied/tuopanoccupied1611f.jpg,1
./data/occupied/tuopanoccupied49.jpg,1
./data/occupied/onebag82.jpg,1
./data/occupied/kuweioccupied146.jpg,1
./data/occupied/kuweioccupied161.jpg,1
./data/occupied/kuweioccupied791f.jpg,1
./data/occupied/kuweioccupied163.jpg,1
./data/empty/empty163f.jpg,0
./data/occupied/tuopanoccupied168.jpg,1
./data/empty/empty101f.jpg,0
./data/occupied/tuopanoccupied12.jpg,1
./data/occupied/kuweioccupied701f.jpg,1
./data/occupied/kuweioccupied159.jpg,1
./data/occupied/kuweioccupied1631f.jpg,1
./data/occupied/onebag60.jpg,1
./data/empty/empty242f.jpg,0
./data/occupied/kuweioccupied120.jpg,1
./data/empty/empty633f.jpg,0
./data/empty/empty183f.jpg,0
./data/empty/empty91f.jpg,0
./data/empty/empty461f.jpg,0
./data/empty/empty763f.jpg,0
./data/occupied/kuweioccupied181f.jpg,1
./data/occupied/kuweioccupied1491f.jpg,1
./data/occupied/kuweioccupied1511f.jpg,1
./data/occupied/tuopanoccupied23.jpg,1
./data/occupied/kuweioccupied491f.jpg,1
./data/occupied/onebag41.jpg,1
./data/occupied/onebag411f.jpg,1
./data/occupied/tuopanoccupied21f.jpg,1
./data/empty/empty41f.jpg,0
./data/occupied/tuopanoccupied11f.jpg,1
./data/occupied/kuweioccupied1361f.jpg,1
./data/occupied/kuweioccupied126.jpg,1
./data/occupied/tuopanoccupied1741f.jpg,1
./data/empty/empty881f.jpg,0
./data/occupied/onebag451f.jpg,1
./data/empty/empty651f.jpg,0
./data/occupied/tuopanoccupied1411f.jpg,1
./data/occupied/kuweioccupied1.jpg,1
./data/empty/empty7.jpg,0
./data/occupied/kuweioccupied124.jpg,1
./data/occupied/tuopanoccupied182.jpg,1
./data/occupied/tuopanoccupied124.jpg,1
./data/empty/empty1142f.jpg,0
./data/occupied/onebag691f.jpg,1
./data/occupied/kuweioccupied1241f.jpg,1
./data/occupied/tuopanoccupied781f.jpg,1
./data/empty/empty123f.jpg,0
./data/occupied/tuopanoccupied183.jpg,1
./data/empty/empty272f.jpg,0
./data/occupied/tuopanoccupied1251f.jpg,1
./data/occupied/kuweioccupied49.jpg,1
./data/occupied/kuweioccupied188.jpg,1
./data/empty/empty323f.jpg,0
./data/occupied/onebag211f.jpg,1
./data/occupied/kuweioccupied1021f.jpg,1
./data/occupied/kuweioccupied221f.jpg,1
./data/empty/empty31.jpg,0
./data/occupied/onebag951f.jpg,1
./data/occupied/tuopanoccupied50.jpg,1
./data/occupied/onebag23.jpg,1
./data/occupied/tuopanoccupied104.jpg,1
./data/empty/empty522f.jpg,0
./data/occupied/kuweioccupied771f.jpg,1
./data/empty/empty432f.jpg,0
./data/occupied/tuopanoccupied112.jpg,1
./data/occupied/kuweioccupied12.jpg,1
./data/empty/empty20.jpg,0
./data/occupied/kuweioccupied77.jpg,1
./data/empty/empty292f.jpg,0
./data/occupied/kuweioccupied88.jpg,1
./data/occupied/kuweioccupied1201f.jpg,1
./data/empty/empty1073f.jpg,0
./data/empty/empty331f.jpg,0
./data/empty/empty601f.jpg,0
./data/empty/empty9.jpg,0
./data/occupied/onebag92.jpg,1
./data/empty/empty781f.jpg,0
./data/occupied/kuweioccupied135.jpg,1
./data/occupied/onebag661f.jpg,1
./data/occupied/onebag56.jpg,1
./data/empty/empty501f.jpg,0
./data/occupied/tuopanoccupied162.jpg,1
./data/occupied/tuopanoccupied1121f.jpg,1
./data/occupied/kuweioccupied22.jpg,1
./data/empty/empty5.jpg,0
./data/occupied/kuweioccupied194.jpg,1
./data/occupied/onebag891f.jpg,1
./data/empty/empty77.jpg,0
./data/occupied/kuweioccupied751f.jpg,1
./data/occupied/kuweioccupied180.jpg,1
./data/occupied/tuopanoccupied136.jpg,1
./data/empty/empty46.jpg,0
./data/occupied/onebag34.jpg,1
./data/empty/empty642f.jpg,0
./data/empty/empty792f.jpg,0
./data/occupied/kuweioccupied131.jpg,1
./data/occupied/tuopanoccupied154.jpg,1
./data/occupied/tuopanoccupied591f.jpg,1
./data/empty/empty682f.jpg,0
./data/occupied/tuopanoccupied31f.jpg,1
./data/occupied/kuweioccupied211f.jpg,1
./data/empty/empty33.jpg,0
./data/empty/empty1003f.jpg,0
./data/occupied/tuopanoccupied721f.jpg,1
./data/occupied/tuopanoccupied44.jpg,1
./data/occupied/kuweioccupied91f.jpg,1
./data/occupied/kuweioccupied651f.jpg,1
./data/occupied/kuweioccupied131f.jpg,1
./data/occupied/tuopanoccupied1671f.jpg,1
./data/occupied/tuopanoccupied24.jpg,1
./data/occupied/tuopanoccupied381f.jpg,1
./data/occupied/kuweioccupied8.jpg,1
./data/empty/empty673f.jpg,0
./data/occupied/kuweioccupied951f.jpg,1
./data/occupied/tuopanoccupied25.jpg,1
./data/occupied/kuweioccupied129.jpg,1
./data/occupied/tuopanoccupied198.jpg,1
./data/empty/empty483f.jpg,0
./data/occupied/tuopanoccupied1761f.jpg,1
./data/occupied/tuopanoccupied351f.jpg,1
./data/occupied/kuweioccupied23.jpg,1
./data/empty/empty591f.jpg,0
./data/occupied/onebag21f.jpg,1
./data/occupied/tuopanoccupied75.jpg,1
./data/occupied/kuweioccupied169.jpg,1
./data/empty/empty1053f.jpg,0
./data/occupied/kuweioccupied62.jpg,1
./data/occupied/tuopanoccupied1101f.jpg,1
./data/occupied/tuopanoccupied1731f.jpg,1
./data/occupied/onebag61.jpg,1
./data/occupied/kuweioccupied153.jpg,1
./data/occupied/tuopanoccupied161.jpg,1
./data/occupied/onebag3.jpg,1
./data/occupied/kuweioccupied197.jpg,1
./data/occupied/tuopanoccupied194.jpg,1
./data/empty/empty733f.jpg,0
./data/occupied/kuweioccupied51.jpg,1
./data/empty/empty70.jpg,0
./data/occupied/onebag01f.jpg,1
./data/empty/empty112f.jpg,0
./data/empty/empty243f.jpg,0
./data/occupied/kuweioccupied591f.jpg,1
./data/occupied/tuopanoccupied159.jpg,1
./data/occupied/tuopanoccupied1621f.jpg,1
./data/occupied/kuweioccupied7.jpg,1
./data/occupied/kuweioccupied145.jpg,1
./data/occupied/tuopanoccupied186.jpg,1
./data/occupied/onebag11.jpg,1
./data/occupied/tuopanoccupied521f.jpg,1
./data/occupied/tuopanoccupied152.jpg,1
./data/occupied/kuweioccupied43.jpg,1
./data/occupied/tuopanoccupied1451f.jpg,1
./data/occupied/kuweioccupied185.jpg,1
./data/empty/empty341f.jpg,0
./data/occupied/kuweioccupied45.jpg,1
./data/empty/empty611f.jpg,0
./data/occupied/kuweioccupied15.jpg,1
./data/occupied/kuweioccupied11.jpg,1
./data/occupied/kuweioccupied1001f.jpg,1
./data/empty/empty603f.jpg,0
./data/occupied/tuopanoccupied191.jpg,1
./data/occupied/kuweioccupied171f.jpg,1
./data/empty/empty463f.jpg,0
./data/empty/empty231f.jpg,0
./data/occupied/tuopanoccupied1281f.jpg,1
./data/occupied/kuweioccupied1091f.jpg,1
./data/occupied/onebag251f.jpg,1
./data/occupied/kuweioccupied1621f.jpg,1
./data/occupied/kuweioccupied621f.jpg,1
./data/empty/empty4.jpg,0
./data/occupied/tuopanoccupied1691f.jpg,1
./data/empty/empty481f.jpg,0
./data/occupied/kuweioccupied116.jpg,1
./data/occupied/tuopanoccupied41.jpg,1
./data/occupied/onebag381f.jpg,1
./data/occupied/onebag90.jpg,1
./data/occupied/tuopanoccupied1951f.jpg,1
./data/occupied/tuopanoccupied1171f.jpg,1
./data/occupied/onebag981f.jpg,1
./data/occupied/kuweioccupied271f.jpg,1
./data/occupied/tuopanoccupied1091f.jpg,1
./data/empty/empty413f.jpg,0
./data/empty/empty1042f.jpg,0
./data/occupied/tuopanoccupied1291f.jpg,1
./data/empty/empty1123f.jpg,0
./data/occupied/kuweioccupied1971f.jpg,1
./data/empty/empty583f.jpg,0
./data/occupied/onebag671f.jpg,1
./data/occupied/kuweioccupied351f.jpg,1
./data/occupied/kuweioccupied321f.jpg,1
./data/occupied/tuopanoccupied122.jpg,1
./data/occupied/tuopanoccupied164.jpg,1
./data/occupied/tuopanoccupied172.jpg,1
./data/empty/empty58.jpg,0
./data/occupied/kuweioccupied1771f.jpg,1
./data/occupied/tuopanoccupied85.jpg,1
./data/empty/empty872f.jpg,0
./data/empty/empty233f.jpg,0
./data/occupied/tuopanoccupied1921f.jpg,1
./data/occupied/kuweioccupied431f.jpg,1
./data/empty/empty261f.jpg,0
./data/empty/empty103.jpg,0
./data/occupied/kuweioccupied35.jpg,1
./data/occupied/kuweioccupied671f.jpg,1
./data/occupied/kuweioccupied141f.jpg,1
./data/empty/empty533f.jpg,0
./data/occupied/kuweioccupied186.jpg,1
./data/occupied/kuweioccupied1611f.jpg,1
./data/occupied/kuweioccupied861f.jpg,1
./data/occupied/kuweioccupied198.jpg,1
./data/empty/empty303f.jpg,0
./data/occupied/tuopanoccupied67.jpg,1
./data/occupied/onebag81.jpg,1
./data/occupied/tuopanoccupied1831f.jpg,1
./data/empty/empty92f.jpg,0
./data/empty/empty883f.jpg,0
./data/occupied/kuweioccupied128.jpg,1
./data/occupied/tuopanoccupied1331f.jpg,1
./data/occupied/onebag871f.jpg,1
./data/empty/empty743f.jpg,0
./data/empty/empty431f.jpg,0
./data/empty/empty82f.jpg,0
./data/occupied/onebag601f.jpg,1
./data/occupied/kuweioccupied172.jpg,1
./data/occupied/tuopanoccupied156.jpg,1
./data/occupied/kuweioccupied101f.jpg,1
./data/occupied/tuopanoccupied621f.jpg,1
./data/occupied/tuopanoccupied1151f.jpg,1
./data/occupied/kuweioccupied1251f.jpg,1
./data/occupied/onebag401f.jpg,1
./data/occupied/kuweioccupied179.jpg,1
./data/occupied/kuweioccupied1541f.jpg,1
./data/empty/empty104.jpg,0
./data/occupied/kuweioccupied113.jpg,1
./data/occupied/kuweioccupied1941f.jpg,1
./data/occupied/onebag881f.jpg,1
./data/occupied/onebag421f.jpg,1
./data/occupied/onebag33.jpg,1
./data/occupied/kuweioccupied441f.jpg,1
./data/occupied/onebag55.jpg,1
./data/occupied/tuopanoccupied1531f.jpg,1
./data/occupied/tuopanoccupied91f.jpg,1
./data/occupied/tuopanoccupied108.jpg,1
./data/occupied/kuweioccupied1451f.jpg,1
./data/occupied/kuweioccupied60.jpg,1
./data/empty/empty993f.jpg,0
./data/occupied/kuweioccupied68.jpg,1
./data/occupied/kuweioccupied1421f.jpg,1
./data/occupied/tuopanoccupied121f.jpg,1
./data/occupied/onebag511f.jpg,1
./data/occupied/kuweioccupied134.jpg,1
./data/occupied/tuopanoccupied1571f.jpg,1
./data/occupied/kuweioccupied32.jpg,1
./data/empty/empty282f.jpg,0
./data/empty/empty631f.jpg,0
./data/empty/empty86.jpg,0
./data/occupied/onebag41f.jpg,1
./data/empty/empty663f.jpg,0
./data/empty/empty672f.jpg,0
./data/occupied/tuopanoccupied133.jpg,1
./data/empty/empty1021f.jpg,0
./data/occupied/kuweioccupied901f.jpg,1
./data/occupied/kuweioccupied1151f.jpg,1
./data/occupied/kuweioccupied1441f.jpg,1
./data/occupied/tuopanoccupied1931f.jpg,1
./data/empty/empty311f.jpg,0
./data/occupied/onebag67.jpg,1
./data/occupied/kuweioccupied143.jpg,1
./data/empty/empty83f.jpg,0
./data/empty/empty382f.jpg,0
./data/occupied/onebag52.jpg,1
./data/occupied/onebag31.jpg,1
./data/empty/empty142f.jpg,0
./data/occupied/tuopanoccupied211f.jpg,1
./data/occupied/onebag86.jpg,1
./data/occupied/kuweioccupied1391f.jpg,1
./data/occupied/kuweioccupied1351f.jpg,1
./data/occupied/tuopanoccupied851f.jpg,1
./data/occupied/onebag89.jpg,1
./data/empty/empty232f.jpg,0
./data/empty/empty662f.jpg,0
./data/empty/empty110.jpg,0
./data/occupied/kuweioccupied1551f.jpg,1
./data/empty/empty115.jpg,0
./data/occupied/kuweioccupied151f.jpg,1
./data/occupied/onebag51f.jpg,1
./data/empty/empty751f.jpg,0
./data/occupied/kuweioccupied1661f.jpg,1
./data/empty/empty791f.jpg,0
./data/occupied/tuopanoccupied401f.jpg,1
./data/empty/empty10.jpg,0
./data/empty/empty108.jpg,0
./data/empty/empty1011f.jpg,0
./data/occupied/tuopanoccupied175.jpg,1
./data/empty/empty122f.jpg,0
./data/occupied/tuopanoccupied127.jpg,1
./data/empty/empty593f.jpg,0
./data/occupied/kuweioccupied190.jpg,1
./data/occupied/onebag781f.jpg,1
./data/occupied/kuweioccupied56.jpg,1
./data/empty/empty1022f.jpg,0
./data/occupied/tuopanoccupied128.jpg,1
./data/occupied/tuopanoccupied821f.jpg,1
./data/occupied/kuweioccupied1831f.jpg,1
./data/occupied/tuopanoccupied113.jpg,1
./data/occupied/kuweioccupied401f.jpg,1
./data/occupied/tuopanoccupied261f.jpg,1
./data/occupied/kuweioccupied1081f.jpg,1
./data/occupied/tuopanoccupied461f.jpg,1
./data/occupied/kuweioccupied28.jpg,1
./data/occupied/tuopanoccupied177.jpg,1
./data/empty/empty1063f.jpg,0
./data/occupied/tuopanoccupied62.jpg,1
./data/occupied/kuweioccupied331f.jpg,1
./data/occupied/tuopanoccupied1591f.jpg,1
./data/occupied/onebag541f.jpg,1
./data/occupied/onebag281f.jpg,1
./data/empty/empty181f.jpg,0
./data/occupied/kuweioccupied95.jpg,1
./data/occupied/tuopanoccupied1781f.jpg,1
./data/occupied/kuweioccupied1931f.jpg,1
./data/occupied/tuopanoccupied301f.jpg,1
./data/occupied/tuopanoccupied1821f.jpg,1
./data/empty/empty51f.jpg,0
./data/occupied/tuopanoccupied811f.jpg,1
./data/occupied/kuweioccupied1901f.jpg,1
./data/empty/empty87.jpg,0
./data/empty/empty313f.jpg,0
./data/occupied/onebag721f.jpg,1
./data/occupied/tuopanoccupied1851f.jpg,1
./data/empty/empty542f.jpg,0
./data/empty/empty901f.jpg,0
./data/occupied/kuweioccupied103.jpg,1
./data/occupied/onebag551f.jpg,1
./data/empty/empty31f.jpg,0
./data/empty/empty131f.jpg,0
./data/occupied/kuweioccupied611f.jpg,1
./data/occupied/tuopanoccupied145.jpg,1
./data/empty/empty11f.jpg,0
./data/empty/empty703f.jpg,0
./data/empty/empty653f.jpg,0
./data/occupied/tuopanoccupied1681f.jpg,1
./data/occupied/kuweioccupied371f.jpg,1
./data/occupied/onebag4.jpg,1
./data/occupied/tuopanoccupied53.jpg,1
./data/occupied/tuopanoccupied197.jpg,1
./data/occupied/kuweioccupied58.jpg,1
./data/occupied/tuopanoccupied1041f.jpg,1
./data/empty/empty361f.jpg,0
./data/occupied/onebag611f.jpg,1
./data/occupied/tuopanoccupied841f.jpg,1
./data/occupied/kuweioccupied189.jpg,1
./data/empty/empty713f.jpg,0
./data/empty/empty62.jpg,0
./data/occupied/kuweioccupied87.jpg,1
./data/occupied/kuweioccupied14.jpg,1
./data/occupied/tuopanoccupied71f.jpg,1
./data/occupied/tuopanoccupied1001f.jpg,1
./data/occupied/tuopanoccupied1631f.jpg,1
./data/occupied/kuweioccupied144.jpg,1
./data/empty/empty961f.jpg,0
./data/empty/empty1153f.jpg,0
./data/occupied/tuopanoccupied35.jpg,1
./data/empty/empty11.jpg,0
./data/occupied/kuweioccupied48.jpg,1
./data/empty/empty712f.jpg,0
./data/occupied/kuweioccupied106.jpg,1
./data/occupied/tuopanoccupied881f.jpg,1
./data/empty/empty3.jpg,0
./data/empty/empty903f.jpg,0
./data/empty/empty1112f.jpg,0
./data/occupied/tuopanoccupied101.jpg,1
./data/occupied/kuweioccupied123.jpg,1
./data/empty/empty843f.jpg,0
./data/empty/empty213f.jpg,0
./data/occupied/tuopanoccupied68.jpg,1
./data/empty/empty521f.jpg,0
./data/occupied/onebag901f.jpg,1
./data/occupied/tuopanoccupied831f.jpg,1
./data/occupied/onebag791f.jpg,1
./data/occupied/kuweioccupied171.jpg,1
./data/occupied/onebag761f.jpg,1
./data/occupied/kuweioccupied16.jpg,1
./data/occupied/tuopanoccupied1661f.jpg,1
./data/empty/empty412f.jpg,0
./data/occupied/kuweioccupied1851f.jpg,1
./data/occupied/kuweioccupied175.jpg,1
./data/occupied/kuweioccupied154.jpg,1
./data/occupied/tuopanoccupied1461f.jpg,1
./data/occupied/tuopanoccupied30.jpg,1
./data/occupied/tuopanoccupied7.jpg,1
./data/occupied/tuopanoccupied31.jpg,1
./data/occupied/tuopanoccupied1991f.jpg,1
./data/empty/empty71f.jpg,0
./data/empty/empty103f.jpg,0
./data/empty/empty203f.jpg,0
./data/occupied/onebag491f.jpg,1
./data/occupied/kuweioccupied25.jpg,1
./data/occupied/tuopanoccupied541f.jpg,1
./data/occupied/tuopanoccupied98.jpg,1
./data/occupied/onebag32.jpg,1
./data/occupied/onebag96.jpg,1
./data/occupied/tuopanoccupied661f.jpg,1
./data/occupied/tuopanoccupied102.jpg,1
./data/occupied/kuweioccupied1571f.jpg,1
./data/occupied/onebag39.jpg,1
./data/empty/empty32.jpg,0
./data/occupied/tuopanoccupied64.jpg,1
./data/empty/empty96.jpg,0
./data/empty/empty21f.jpg,0
./data/occupied/tuopanoccupied84.jpg,1
./data/empty/empty81.jpg,0
./data/empty/empty105.jpg,0
./data/occupied/kuweioccupied114.jpg,1
./data/empty/empty753f.jpg,0
./data/empty/empty911f.jpg,0
./data/empty/empty56.jpg,0
./data/occupied/kuweioccupied1221f.jpg,1
./data/occupied/tuopanoccupied143.jpg,1
./data/occupied/tuopanoccupied148.jpg,1
./data/occupied/kuweioccupied34.jpg,1
./data/occupied/kuweioccupied1321f.jpg,1
./data/occupied/onebag64.jpg,1
./data/occupied/tuopanoccupied1391f.jpg,1
./data/occupied/kuweioccupied1641f.jpg,1
./data/occupied/kuweioccupied176.jpg,1
./data/occupied/onebag741f.jpg,1
./data/empty/empty1111f.jpg,0
./data/empty/empty811f.jpg,0
./data/occupied/kuweioccupied96.jpg,1
./data/empty/empty721f.jpg,0
./data/empty/empty98.jpg,0
./data/occupied/kuweioccupied150.jpg,1
./data/occupied/kuweioccupied1121f.jpg,1
./data/occupied/tuopanoccupied99.jpg,1
./data/empty/empty1091f.jpg,0
./data/occupied/onebag70.jpg,1
./data/occupied/kuweioccupied107.jpg,1
./data/occupied/tuopanoccupied911f.jpg,1
./data/empty/empty132f.jpg,0
./data/occupied/tuopanoccupied88.jpg,1
./data/empty/empty302f.jpg,0
./data/occupied/tuopanoccupied981f.jpg,1
./data/occupied/kuweioccupied1741f.jpg,1
./data/occupied/onebag591f.jpg,1
./data/occupied/kuweioccupied165.jpg,1
./data/occupied/tuopanoccupied1071f.jpg,1
./data/empty/empty981f.jpg,0
./data/occupied/tuopanoccupied161f.jpg,1
./data/occupied/kuweioccupied83.jpg,1
./data/empty/empty491f.jpg,0
./data/empty/empty641f.jpg,0
./data/empty/empty992f.jpg,0
./data/occupied/onebag301f.jpg,1
./data/empty/empty873f.jpg,0
./data/occupied/kuweioccupied1691f.jpg,1
./data/empty/empty571f.jpg,0
./data/occupied/kuweioccupied19.jpg,1
./data/occupied/onebag37.jpg,1
./data/occupied/onebag391f.jpg,1
./data/empty/empty1001f.jpg,0
./data/empty/empty602f.jpg,0
./data/empty/empty813f.jpg,0
./data/occupied/kuweioccupied193.jpg,1
./data/empty/empty723f.jpg,0
./data/occupied/kuweioccupied110.jpg,1
./data/empty/empty1083f.jpg,0
./data/occupied/tuopanoccupied59.jpg,1
./data/empty/empty321f.jpg,0
./data/empty/empty852f.jpg,0
./data/occupied/onebag78.jpg,1
./data/occupied/tuopanoccupied65.jpg,1
./data/empty/empty113.jpg,0
./data/occupied/kuweioccupied1071f.jpg,1
./data/empty/empty143f.jpg,0
./data/occupied/tuopanoccupied1131f.jpg,1
./data/occupied/kuweioccupied63.jpg,1
./data/occupied/onebag461f.jpg,1
./data/occupied/onebag561f.jpg,1
./data/empty/empty63f.jpg,0
./data/occupied/tuopanoccupied1491f.jpg,1
./data/empty/empty732f.jpg,0
./data/occupied/kuweioccupied1011f.jpg,1
./data/occupied/tuopanoccupied151.jpg,1
./data/occupied/tuopanoccupied90.jpg,1
./data/occupied/onebag501f.jpg,1
./data/empty/empty1002f.jpg,0
./data/occupied/tuopanoccupied119.jpg,1
./data/occupied/kuweioccupied196.jpg,1
./data/empty/empty1121f.jpg,0
./data/occupied/kuweioccupied192.jpg,1
./data/occupied/kuweioccupied761f.jpg,1
./data/empty/empty42f.jpg,0
./data/occupied/kuweioccupied191.jpg,1
./data/empty/empty941f.jpg,0
./data/occupied/onebag38.jpg,1
./data/occupied/kuweioccupied711f.jpg,1
./data/occupied/onebag68.jpg,1
./data/empty/empty33f.jpg,0
./data/occupied/tuopanoccupied181f.jpg,1
./data/occupied/tuopanoccupied1521f.jpg,1
./data/empty/empty91.jpg,0
./data/empty/empty893f.jpg,0
./data/occupied/kuweioccupied161f.jpg,1
./data/occupied/tuopanoccupied193.jpg,1
./data/occupied/tuopanoccupied86.jpg,1
./data/occupied/kuweioccupied1681f.jpg,1
./data/occupied/onebag29.jpg,1
./data/occupied/tuopanoccupied33.jpg,1
./data/empty/empty76.jpg,0
./data/empty/empty572f.jpg,0
./data/occupied/kuweioccupied92.jpg,1
./data/occupied/tuopanoccupied221f.jpg,1
./data/occupied/tuopanoccupied82.jpg,1
./data/occupied/tuopanoccupied751f.jpg,1
./data/occupied/tuopanoccupied79.jpg,1
./data/occupied/tuopanoccupied1371f.jpg,1
./data/occupied/kuweioccupied581f.jpg,1
./data/occupied/tuopanoccupied111f.jpg,1
./data/occupied/kuweioccupied301f.jpg,1
./data/occupied/tuopanoccupied43.jpg,1
./data/occupied/kuweioccupied138.jpg,1
./data/occupied/tuopanoccupied791f.jpg,1
./data/occupied/tuopanoccupied1701f.jpg,1
./data/occupied/tuopanoccupied1191f.jpg,1
./data/occupied/kuweioccupied21.jpg,1
./data/empty/empty333f.jpg,0
./data/empty/empty2.jpg,0
./data/empty/empty962f.jpg,0
./data/occupied/kuweioccupied361f.jpg,1
./data/empty/empty931f.jpg,0
./data/occupied/tuopanoccupied8.jpg,1
./data/empty/empty23f.jpg,0
./data/empty/empty373f.jpg,0
./data/occupied/onebag80.jpg,1
./data/occupied/tuopanoccupied81.jpg,1
./data/occupied/tuopanoccupied701f.jpg,1
./data/occupied/kuweioccupied1431f.jpg,1
./data/empty/empty462f.jpg,0
./data/occupied/onebag111f.jpg,1
./data/occupied/kuweioccupied1701f.jpg,1
./data/occupied/kuweioccupied164.jpg,1
./data/empty/empty271f.jpg,0
./data/empty/empty433f.jpg,0
./data/occupied/kuweioccupied391f.jpg,1
./data/occupied/tuopanoccupied150.jpg,1
./data/occupied/onebag93.jpg,1
./data/empty/empty73f.jpg,0
./data/occupied/tuopanoccupied171f.jpg,1
./data/occupied/kuweioccupied1601f.jpg,1
./data/empty/empty621f.jpg,0
./data/empty/empty201f.jpg,0
./data/occupied/tuopanoccupied93.jpg,1
./data/occupied/onebag58.jpg,1
./data/occupied/kuweioccupied47.jpg,1
./data/empty/empty40.jpg,0
./data/occupied/kuweioccupied125.jpg,1
./data/occupied/onebag66.jpg,1
./data/empty/empty711f.jpg,0
./data/empty/empty803f.jpg,0
./data/occupied/onebag331f.jpg,1
./data/empty/empty100.jpg,0
./data/occupied/onebag101f.jpg,1
./data/empty/empty82.jpg,0
./data/empty/empty973f.jpg,0
./data/occupied/tuopanoccupied47.jpg,1
./data/occupied/kuweioccupied1521f.jpg,1
./data/occupied/onebag49.jpg,1
./data/empty/empty133f.jpg,0
./data/occupied/tuopanoccupied142.jpg,1
./data/empty/empty13f.jpg,0
./data/empty/empty592f.jpg,0
./data/occupied/kuweioccupied158.jpg,1
./data/empty/empty742f.jpg,0
./data/empty/empty623f.jpg,0
./data/occupied/tuopanoccupied991f.jpg,1
./data/occupied/kuweioccupied1211f.jpg,1
./data/empty/empty301f.jpg,0
./data/occupied/tuopanoccupied1901f.jpg,1
./data/occupied/tuopanoccupied1501f.jpg,1
./data/occupied/kuweioccupied160.jpg,1
./data/occupied/kuweioccupied148.jpg,1
./data/occupied/kuweioccupied89.jpg,1
./data/empty/empty523f.jpg,0
./data/occupied/onebag31f.jpg,1
./data/occupied/tuopanoccupied1841f.jpg,1
./data/empty/empty252f.jpg,0
./data/occupied/tuopanoccupied1651f.jpg,1
./data/empty/empty761f.jpg,0
./data/occupied/onebag97.jpg,1
./data/empty/empty54.jpg,0
./data/occupied/tuopanoccupied173.jpg,1
./data/empty/empty932f.jpg,0
./data/occupied/tuopanoccupied76.jpg,1
./data/occupied/kuweioccupied1161f.jpg,1
./data/occupied/tuopanoccupied141.jpg,1
./data/empty/empty182f.jpg,0
./data/occupied/kuweioccupied111.jpg,1
./data/empty/empty741f.jpg,0
./data/empty/empty1113f.jpg,0
./data/empty/empty62f.jpg,0
./data/occupied/kuweioccupied1891f.jpg,1
./data/occupied/tuopanoccupied41f.jpg,1
./data/empty/empty51.jpg,0
./data/empty/empty513f.jpg,0
./data/occupied/tuopanoccupied901f.jpg,1
./data/empty/empty363f.jpg,0
./data/occupied/kuweioccupied85.jpg,1
./data/occupied/kuweioccupied178.jpg,1
./data/empty/empty23.jpg,0
./data/occupied/tuopanoccupied34.jpg,1
./data/empty/empty582f.jpg,0
./data/occupied/kuweioccupied1801f.jpg,1
./data/occupied/onebag20.jpg,1
./data/occupied/tuopanoccupied1871f.jpg,1
./data/occupied/onebag151f.jpg,1
./data/occupied/kuweioccupied1981f.jpg,1
./data/occupied/kuweioccupied851f.jpg,1
./data/occupied/tuopanoccupied16.jpg,1
./data/empty/empty812f.jpg,0
./data/empty/empty92.jpg,0
./data/occupied/tuopanoccupied1241f.jpg,1
./data/occupied/tuopanoccupied971f.jpg,1
./data/empty/empty1131f.jpg,0
./data/occupied/kuweioccupied811f.jpg,1
./data/occupied/onebag131f.jpg,1
./data/occupied/tuopanoccupied1441f.jpg,1
./data/occupied/onebag431f.jpg,1
./data/occupied/kuweioccupied1131f.jpg,1
./data/occupied/kuweioccupied152.jpg,1
./data/empty/empty1032f.jpg,0
./data/empty/empty161f.jpg,0
./data/empty/empty112.jpg,0
./data/occupied/kuweioccupied181.jpg,1
./data/occupied/onebag441f.jpg,1
./data/occupied/tuopanoccupied1321f.jpg,1
./data/occupied/onebag14.jpg,1
./data/occupied/kuweioccupied76.jpg,1
./data/occupied/tuopanoccupied135.jpg,1
./data/occupied/tuopanoccupied331f.jpg,1
./data/empty/empty403f.jpg,0
./data/occupied/kuweioccupied801f.jpg,1
./data/occupied/kuweioccupied184.jpg,1
./data/occupied/tuopanoccupied176.jpg,1
./data/occupied/kuweioccupied112.jpg,1
./data/occupied/tuopanoccupied181.jpg,1
./data/empty/empty74.jpg,0
./data/empty/empty14.jpg,0
./data/occupied/onebag99.jpg,1
./data/occupied/kuweioccupied111f.jpg,1
./data/empty/empty43.jpg,0
./data/empty/empty921f.jpg,0
./data/occupied/onebag271f.jpg,1
./data/occupied/tuopanoccupied321f.jpg,1
./data/occupied/tuopanoccupied89.jpg,1
./data/occupied/kuweioccupied871f.jpg,1
./data/occupied/kuweioccupied201f.jpg,1
./data/empty/empty212f.jpg,0
./data/occupied/kuweioccupied571f.jpg,1
./data/occupied/onebag351f.jpg,1
./data/occupied/kuweioccupied115.jpg,1
./data/occupied/onebag471f.jpg,1
./data/occupied/kuweioccupied1101f.jpg,1
./data/empty/empty351f.jpg,0
./data/empty/empty1102f.jpg,0
./data/empty/empty1.jpg,0
./data/empty/empty57.jpg,0
./data/occupied/tuopanoccupied83.jpg,1
./data/occupied/kuweioccupied26.jpg,1
./data/occupied/tuopanoccupied70.jpg,1
./data/occupied/onebag71.jpg,1
./data/occupied/tuopanoccupied125.jpg,1
./data/occupied/tuopanoccupied761f.jpg,1
./data/occupied/tuopanoccupied1081f.jpg,1
./data/occupied/tuopanoccupied251f.jpg,1
./data/empty/empty393f.jpg,0
./data/occupied/onebag27.jpg,1
./data/occupied/kuweioccupied1871f.jpg,1
./data/occupied/tuopanoccupied0.jpg,1
./data/occupied/onebag26.jpg,1
./data/occupied/kuweioccupied241f.jpg,1
./data/occupied/kuweioccupied1791f.jpg,1
./data/empty/empty102.jpg,0
./data/occupied/onebag921f.jpg,1
./data/empty/empty472f.jpg,0
./data/occupied/tuopanoccupied126.jpg,1
./data/occupied/tuopanoccupied60.jpg,1
./data/occupied/tuopanoccupied190.jpg,1
./data/occupied/onebag50.jpg,1
./data/empty/empty44.jpg,0
./data/empty/empty151f.jpg,0
./data/occupied/kuweioccupied84.jpg,1
./data/empty/empty191f.jpg,0
./data/occupied/tuopanoccupied72.jpg,1
./data/occupied/onebag28.jpg,1
./data/occupied/kuweioccupied130.jpg,1
./data/occupied/onebag681f.jpg,1
./data/occupied/kuweioccupied881f.jpg,1
./data/occupied/tuopanoccupied17.jpg,1
./data/empty/empty453f.jpg,0
./data/occupied/tuopanoccupied110.jpg,1
./data/occupied/kuweioccupied142.jpg,1
./data/occupied/tuopanoccupied74.jpg,1
./data/empty/empty1041f.jpg,0
./data/occupied/kuweioccupied1111f.jpg,1
./data/occupied/tuopanoccupied163.jpg,1
./data/empty/empty192f.jpg,0
./data/empty/empty531f.jpg,0
./data/occupied/tuopanoccupied39.jpg,1
./data/empty/empty83.jpg,0
./data/empty/empty1013f.jpg,0
./data/occupied/tuopanoccupied10.jpg,1
./data/occupied/tuopanoccupied103.jpg,1
./data/empty/empty332f.jpg,0
./data/occupied/kuweioccupied155.jpg,1
./data/occupied/kuweioccupied149.jpg,1
./data/occupied/kuweioccupied1291f.jpg,1
./data/occupied/tuopanoccupied26.jpg,1
./data/occupied/onebag161f.jpg,1
./data/occupied/tuopanoccupied1721f.jpg,1
./data/empty/empty343f.jpg,0
./data/occupied/tuopanoccupied52.jpg,1
./data/empty/empty67.jpg,0
./data/occupied/onebag181f.jpg,1
./data/occupied/kuweioccupied182.jpg,1
./data/occupied/tuopanoccupied1971f.jpg,1
./data/occupied/tuopanoccupied155.jpg,1
./data/occupied/kuweioccupied1171f.jpg,1
./data/occupied/kuweioccupied341f.jpg,1
./data/occupied/onebag48.jpg,1
./data/occupied/tuopanoccupied941f.jpg,1
./data/occupied/tuopanoccupied9.jpg,1
./data/occupied/onebag651f.jpg,1
./data/empty/empty581f.jpg,0
./data/occupied/tuopanoccupied801f.jpg,1
./data/occupied/kuweioccupied82.jpg,1
./data/empty/empty861f.jpg,0
./data/occupied/tuopanoccupied281f.jpg,1
./data/occupied/kuweioccupied38.jpg,1
./data/occupied/kuweioccupied961f.jpg,1
./data/occupied/kuweioccupied381f.jpg,1
./data/occupied/tuopanoccupied151f.jpg,1
./data/empty/empty8.jpg,0
./data/occupied/onebag16.jpg,1
./data/occupied/onebag2.jpg,1
./data/occupied/onebag83.jpg,1
./data/occupied/tuopanoccupied2.jpg,1
./data/occupied/tuopanoccupied481f.jpg,1
./data/occupied/tuopanoccupied1961f.jpg,1
./data/empty/empty152f.jpg,0
./data/occupied/tuopanoccupied1541f.jpg,1
./data/occupied/kuweioccupied46.jpg,1
./data/occupied/tuopanoccupied341f.jpg,1
./data/occupied/onebag521f.jpg,1
./data/occupied/kuweioccupied105.jpg,1
./data/occupied/tuopanoccupied1811f.jpg,1
./data/occupied/tuopanoccupied149.jpg,1
./data/occupied/tuopanoccupied3.jpg,1
./data/occupied/kuweioccupied127.jpg,1
./data/empty/empty863f.jpg,0
./data/occupied/kuweioccupied721f.jpg,1
./data/occupied/onebag25.jpg,1
./data/empty/empty1031f.jpg,0
./data/occupied/tuopanoccupied1711f.jpg,1
./data/occupied/kuweioccupied1281f.jpg,1
./data/empty/empty943f.jpg,0
./data/occupied/kuweioccupied61f.jpg,1
./data/empty/empty371f.jpg,0
./data/occupied/tuopanoccupied170.jpg,1
./data/empty/empty38.jpg,0
./data/occupied/onebag1.jpg,1
./data/occupied/tuopanoccupied192.jpg,1
./data/empty/empty43f.jpg,0
./data/occupied/tuopanoccupied131.jpg,1
./data/empty/empty821f.jpg,0
./data/occupied/tuopanoccupied861f.jpg,1
./data/occupied/kuweioccupied741f.jpg,1
./data/empty/empty1043f.jpg,0
./data/empty/empty173f.jpg,0
./data/empty/empty53.jpg,0
./data/occupied/onebag6.jpg,1
./data/empty/empty93f.jpg,0
./data/occupied/tuopanoccupied641f.jpg,1
./data/occupied/onebag711f.jpg,1
./data/occupied/tuopanoccupied22.jpg,1
./data/empty/empty391f.jpg,0
./data/occupied/kuweioccupied136.jpg,1
./data/empty/empty12f.jpg,0
./data/occupied/tuopanoccupied141f.jpg,1
./data/empty/empty111f.jpg,0
./data/occupied/tuopanoccupied144.jpg,1
./data/empty/empty312f.jpg,0
./data/occupied/tuopanoccupied61f.jpg,1
./data/occupied/tuopanoccupied187.jpg,1
./data/empty/empty88.jpg,0
./data/occupied/kuweioccupied78.jpg,1
./data/occupied/kuweioccupied1841f.jpg,1
./data/occupied/onebag61f.jpg,1
./data/empty/empty52.jpg,0
./data/empty/empty17.jpg,0
./data/occupied/tuopanoccupied511f.jpg,1
./data/empty/empty783f.jpg,0
./data/occupied/onebag811f.jpg,1
./data/occupied/onebag911f.jpg,1
./data/occupied/tuopanoccupied571f.jpg,1
./data/occupied/onebag94.jpg,1
./data/empty/empty262f.jpg,0
./data/occupied/tuopanoccupied117.jpg,1
./data/occupied/tuopanoccupied28.jpg,1
./data/occupied/tuopanoccupied241f.jpg,1
./data/empty/empty1151f.jpg,0
./data/occupied/onebag701f.jpg,1
./data/empty/empty12.jpg,0
./data/occupied/tuopanoccupied171.jpg,1
./data/occupied/tuopanoccupied134.jpg,1
./data/occupied/kuweioccupied1881f.jpg,1
./data/empty/empty362f.jpg,0
./data/occupied/tuopanoccupied107.jpg,1
./data/occupied/kuweioccupied122.jpg,1
./data/occupied/tuopanoccupied20.jpg,1
./data/occupied/kuweioccupied191f.jpg,1
./data/occupied/onebag91f.jpg,1
./data/occupied/kuweioccupied631f.jpg,1
./data/occupied/tuopanoccupied1941f.jpg,1
./data/occupied/tuopanoccupied1111f.jpg,1
./data/empty/empty902f.jpg,0
./data/occupied/onebag76.jpg,1
./data/occupied/tuopanoccupied174.jpg,1
./data/empty/empty441f.jpg,0
./data/occupied/kuweioccupied1921f.jpg,1
./data/empty/empty833f.jpg,0
./data/empty/empty482f.jpg,0
./data/empty/empty153f.jpg,0
./data/occupied/tuopanoccupied184.jpg,1
./data/occupied/kuweioccupied119.jpg,1
./data/empty/empty1062f.jpg,0
./data/empty/empty1051f.jpg,0
./data/occupied/tuopanoccupied81f.jpg,1
./data/occupied/kuweioccupied1651f.jpg,1
./data/occupied/kuweioccupied461f.jpg,1
./data/occupied/onebag231f.jpg,1
./data/empty/empty912f.jpg,0
./data/empty/empty452f.jpg,0
./data/empty/empty772f.jpg,0
./data/occupied/kuweioccupied1821f.jpg,1
./data/occupied/kuweioccupied157.jpg,1
./data/empty/empty802f.jpg,0
./data/occupied/onebag371f.jpg,1
./data/occupied/kuweioccupied821f.jpg,1
./data/empty/empty16.jpg,0
./data/occupied/kuweioccupied1191f.jpg,1
./data/empty/empty101.jpg,0
./data/empty/empty114.jpg,0
./data/occupied/tuopanoccupied188.jpg,1
./data/occupied/tuopanoccupied71.jpg,1
./data/occupied/kuweioccupied121.jpg,1
./data/occupied/tuopanoccupied87.jpg,1
./data/occupied/kuweioccupied1331f.jpg,1
./data/empty/empty39.jpg,0
./data/empty/empty691f.jpg,0
./data/empty/empty342f.jpg,0
./data/occupied/tuopanoccupied1021f.jpg,1
./data/occupied/tuopanoccupied97.jpg,1
./data/occupied/onebag57.jpg,1
./data/empty/empty202f.jpg,0
./data/occupied/tuopanoccupied158.jpg,1
./data/empty/empty75.jpg,0
./data/empty/empty841f.jpg,0
./data/empty/empty47.jpg,0
./data/occupied/tuopanoccupied139.jpg,1
./data/empty/empty1061f.jpg,0
./data/occupied/tuopanoccupied201f.jpg,1
./data/occupied/tuopanoccupied561f.jpg,1
./data/occupied/kuweioccupied72.jpg,1
./data/occupied/tuopanoccupied1031f.jpg,1
./data/occupied/tuopanoccupied58.jpg,1
./data/occupied/tuopanoccupied15.jpg,1
./data/empty/empty1122f.jpg,0
./data/occupied/tuopanoccupied146.jpg,1
./data/occupied/tuopanoccupied61.jpg,1
./data/empty/empty49.jpg,0
./data/empty/empty55.jpg,0
./data/empty/empty492f.jpg,0
./data/empty/empty28.jpg,0
./data/occupied/tuopanoccupied651f.jpg,1
./data/occupied/tuopanoccupied147.jpg,1
./data/empty/empty52f.jpg,0
./data/occupied/tuopanoccupied231f.jpg,1
./data/empty/empty24.jpg,0
./data/occupied/tuopanoccupied1911f.jpg,1
./data/occupied/tuopanoccupied1221f.jpg,1
./data/occupied/tuopanoccupied1881f.jpg,1
./data/empty/empty1033f.jpg,0
./data/occupied/kuweioccupied5.jpg,1
./data/occupied/tuopanoccupied771f.jpg,1
./data/occupied/onebag12.jpg,1
./data/occupied/onebag15.jpg,1
./data/empty/empty352f.jpg,0
./data/occupied/tuopanoccupied1421f.jpg,1
./data/empty/empty50.jpg,0
./data/occupied/tuopanoccupied271f.jpg,1
./data/occupied/onebag42.jpg,1
./data/empty/empty551f.jpg,0
./data/occupied/kuweioccupied51f.jpg,1
./data/occupied/tuopanoccupied1431f.jpg,1
./data/empty/empty942f.jpg,0
./data/occupied/kuweioccupied1231f.jpg,1
./data/occupied/kuweioccupied64.jpg,1
./data/empty/empty30.jpg,0
./data/occupied/onebag991f.jpg,1
./data/occupied/tuopanoccupied6.jpg,1
./data/empty/empty26.jpg,0
./data/empty/empty671f.jpg,0
./data/occupied/tuopanoccupied45.jpg,1
./data/occupied/kuweioccupied71.jpg,1
./data/occupied/tuopanoccupied471f.jpg,1
./data/occupied/kuweioccupied75.jpg,1
./data/occupied/kuweioccupied21f.jpg,1
./data/empty/empty722f.jpg,0
./data/occupied/onebag59.jpg,1
./data/occupied/tuopanoccupied1061f.jpg,1
./data/empty/empty193f.jpg,0
./data/empty/empty121f.jpg,0
./data/empty/empty291f.jpg,0
./data/empty/empty392f.jpg,0
./data/empty/empty473f.jpg,0
./data/occupied/tuopanoccupied361f.jpg,1
./data/occupied/onebag17.jpg,1
./data/occupied/kuweioccupied1481f.jpg,1
./data/empty/empty6.jpg,0
./data/occupied/tuopanoccupied199.jpg,1
./data/empty/empty971f.jpg,0
./data/occupied/onebag141f.jpg,1
./data/occupied/tuopanoccupied118.jpg,1
./data/empty/empty21.jpg,0
./data/occupied/kuweioccupied1051f.jpg,1
./data/empty/empty451f.jpg,0
./data/occupied/onebag841f.jpg,1
./data/occupied/kuweioccupied281f.jpg,1
./data/occupied/kuweioccupied156.jpg,1
./data/occupied/kuweioccupied66.jpg,1
./data/occupied/tuopanoccupied1511f.jpg,1
./data/occupied/kuweioccupied139.jpg,1
./data/empty/empty171f.jpg,0
./data/empty/empty1082f.jpg,0
./data/occupied/onebag36.jpg,1
./data/occupied/onebag54.jpg,1
./data/empty/empty683f.jpg,0
./data/occupied/tuopanoccupied189.jpg,1
./data/occupied/kuweioccupied1301f.jpg,1
./data/occupied/kuweioccupied187.jpg,1
./data/empty/empty53f.jpg,0
./data/occupied/tuopanoccupied114.jpg,1
./data/occupied/tuopanoccupied73.jpg,1
./data/empty/empty972f.jpg,0
./data/occupied/tuopanoccupied1561f.jpg,1
./data/occupied/kuweioccupied117.jpg,1
./data/occupied/kuweioccupied37.jpg,1
./data/occupied/kuweioccupied1141f.jpg,1
./data/occupied/onebag87.jpg,1
./data/occupied/kuweioccupied10.jpg,1
./data/occupied/kuweioccupied481f.jpg,1
./data/occupied/onebag84.jpg,1
./data/empty/empty223f.jpg,0
./data/empty/empty851f.jpg,0
./data/occupied/tuopanoccupied431f.jpg,1
./data/empty/empty561f.jpg,0
./data/occupied/tuopanoccupied1201f.jpg,1
./data/occupied/kuweioccupied731f.jpg,1
./data/empty/empty61f.jpg,0
./data/empty/empty832f.jpg,0
./data/occupied/kuweioccupied162.jpg,1
./data/occupied/kuweioccupied991f.jpg,1
./data/empty/empty34.jpg,0
./data/occupied/onebag201f.jpg,1
./data/occupied/onebag40.jpg,1
./data/occupied/kuweioccupied541f.jpg,1
./data/occupied/onebag72.jpg,1
./data/occupied/kuweioccupied781f.jpg,1
./data/occupied/tuopanoccupied1341f.jpg,1
./data/occupied/kuweioccupied18.jpg,1
./data/occupied/tuopanoccupied46.jpg,1
./data/occupied/tuopanoccupied1211f.jpg,1
./data/occupied/kuweioccupied1061f.jpg,1
./data/occupied/tuopanoccupied54.jpg,1
./data/occupied/onebag62.jpg,1
./data/occupied/kuweioccupied1711f.jpg,1
./data/occupied/tuopanoccupied178.jpg,1
./data/occupied/onebag621f.jpg,1
./data/occupied/kuweioccupied174.jpg,1
./data/occupied/kuweioccupied42.jpg,1
./data/occupied/tuopanoccupied631f.jpg,1
./data/occupied/kuweioccupied30.jpg,1
./data/empty/empty553f.jpg,0
./data/occupied/tuopanoccupied94.jpg,1
./data/occupied/kuweioccupied40.jpg,1
./data/empty/empty172f.jpg,0
./data/occupied/onebag731f.jpg,1
./data/occupied/kuweioccupied311f.jpg,1
./data/empty/empty842f.jpg,0
./data/empty/empty443f.jpg,0
./data/occupied/kuweioccupied1461f.jpg,1
./data/occupied/kuweioccupied147.jpg,1
./data/empty/empty80.jpg,0
./data/occupied/kuweioccupied41f.jpg,1
./data/occupied/onebag71f.jpg,1
./data/empty/empty141f.jpg,0
./data/empty/empty263f.jpg,0
./data/empty/empty37.jpg,0
./data/empty/empty253f.jpg,0
./data/occupied/tuopanoccupied731f.jpg,1
./data/occupied/kuweioccupied981f.jpg,1
./data/occupied/kuweioccupied971f.jpg,1
./data/occupied/tuopanoccupied191f.jpg,1
./data/occupied/onebag221f.jpg,1
./data/empty/empty892f.jpg,0
./data/empty/empty1101f.jpg,0
./data/empty/empty273f.jpg,0
./data/occupied/kuweioccupied80.jpg,1
./data/occupied/tuopanoccupied921f.jpg,1
./data/occupied/kuweioccupied1311f.jpg,1
./data/occupied/tuopanoccupied1551f.jpg,1
./data/occupied/kuweioccupied177.jpg,1
./data/occupied/kuweioccupied52.jpg,1
./data/occupied/tuopanoccupied101f.jpg,1
./data/empty/empty562f.jpg,0
./data/occupied/kuweioccupied681f.jpg,1
./data/occupied/onebag44.jpg,1
./data/occupied/onebag45.jpg,1
./data/occupied/onebag81f.jpg,1
./data/occupied/kuweioccupied36.jpg,1
./data/occupied/onebag79.jpg,1
./data/occupied/tuopanoccupied51.jpg,1
./data/occupied/tuopanoccupied160.jpg,1
./data/occupied/tuopanoccupied1011f.jpg,1
./data/occupied/kuweioccupied167.jpg,1
./data/occupied/onebag851f.jpg,1
./data/empty/empty613f.jpg,0
./data/empty/empty423f.jpg,0
./data/occupied/kuweioccupied1671f.jpg,1
./data/empty/empty882f.jpg,0
